[
  {
    "name": "Matched queries",
    "metrics": {
      "select-date": "2019-02-28",
      "select-date-time": "2019-02-28 15:25:59",
      "select-float": 123.456,
      "select-integer": 123,
      "select-notitle": 1,
      "select-string": "Abc123",
      "select-null": null
    }
  },
  {
    "name": "Not-matched queries",
    "metrics": {
      "select-date": "2019-01-28",
      "select-date-time": "2019-02-28 15:21:59",
      "select-float": 123.4567,
      "select-integer": 1234,
      "select-notitle": 11,
      "select-string": "Abc1234",
      "select-null": "value"
    }
  },
  {
    "name": "Broken queries",
    "metrics": {
      "select-broken": "Abc321",
      "select-not-found": 1
    }
  },
  {
    "name": "Parameterized queries",
    "metrics": {
      "select-params": "ABC-123"
    },
    "params": {
      "concatString": "123"
    }
  },
  {
    "name": "Dummy study full check",
    "params": {
      "studyId": "DUMMY_STUDY"
    },
    "metrics": {
      "patients-total": 234,
      "patients-dosed": 123,
      "patients-min-age": 20,
      "patients-max-age": 80
    }
  }
]
