[
  {
    "name": "Matched queries",
    "metrics": {
      "select-date": "2019-02-28",
      "select-date-time": "2019-02-28 15:25:59",
      "select-float": 123.456,
      "select-integer": 123,
      "select-notitle": 1,
      "select-string": "Abc123",
      "select-null": null
    }
  },
  {
    "name": "Not-matched queries",
    "metrics": {
      "select-date": "2019-01-28",
      "select-date-time": "2019-02-28 15:21:59",
      "select-float": 123.4567,
      "select-integer": 1234,
      "select-notitle": 11,
      "select-string": "Abc1234",
      "select-null": "value"
    }
  },
  {
    "name": "Broken queries",
    "metrics": {
      "update-data": 1,
      "select-bad-empty-result": 1,
      "select-bad-table-not-found": 1,
      "select-bad-multi-results": 1,
      "select-query-not-found": 1
    }
  },
  {
    "name": "Parameterized queries",
    "metrics": {
      "select-params": "ABC-123"
    },
    "params": {
      "myParam": "123"
    }
  }
]
